Date,Day of Week,City/Region,State,Country,Income,Individual Income,Joint,Industry,Age,Lives Alone,Rents or Owns,Total Assets,Debt,Housing Costs per Month,Total Spent in Week,R29 Love Reactions,R29 Impressed Reactions,R29 Surprised Reactions,R29 Angry Reactions,R29 Number of Comments
01/24/2025,Friday,Pittsburgh,PA,United States,102750,102750,Yes,Academia,27,"No, with partner",Rents,245000,0,2860,272.65,30,4,1,20,32
01/22/2025,Wednesday,Philadelphia,PA,United States,374000,190000,Yes,Government,51,"No, with partner",Rents,2532405,11542,2625,1072.83,98,7,13,52,90
01/20/2025,Monday,New York,NY,United States,107141,107141,No,Technology,25,"No, with roommate(s)",Rents,171392.44,0,2600,633.07,50,11,9,49,47
01/17/2025,Friday,New York,NY,United States,103000,103000,No,Media,41,Yes,Rents,90244.08,0,2250,1062.89,68,11,9,21,73
01/15/2025,Wednesday,Los Angeles,CA,United States,137000,67000,Yes,Environmental,27,"No, with partner",Rents,23350,0,1650,242.14,149,9,2,1,23
01/13/2025,Monday,Detroit suburbs,MI,United States,350000,150000,Yes,Government,36,"No, with partner",Owns,778000,900000,6500,2929.03,63,24,7,39,110
01/10/2025,Friday,Bay Area,CA,United States,122000,122000,No,"Education, Mental Health",35,"No, with roommate(s)",Rents,203489,0,1500,522.36,104,12,5,12,21
01/08/2025,Wednesday,New York,NY,United States,500000,500000,No,Finance,32,Yes,Owns,7470000,0,3000,838.74,70,44,12,154,128
01/06/2025,Monday,Central Minnesota,MN,United States,135002,69319,Yes,Education,28,"No, with partner",Owns,268958,221620,1679,308.78,121,13,0,2,105
01/03/2025,Friday,Mexico City,N/A,Mexico,98000,98000,No,Nonprofit,36,Yes,Rents,289700,0,790,97.94,87,7,3,143,90
01/01/2025,Wednesday,New York,NY,United States,165000,165000,No,Finance,28,"No, with partner",Rents,280943,0,2700,751.18,163,10,8,36,74
12/30/2024,Monday,Boston,MA,United States,285000,116820,Yes,Government,31,"No, with partner",Rents,219834,14152,2000,147.58,153,47,1,16,14
12/27/2024,Friday,New York,NY,United States,90000,90000,No,"Media, Publishing",31,"No, with roommate(s)",Rents,258247,14203.61,1240,493.1,148,22,1,15,29
12/25/2024,Wednesday,Toronto,N/A,Canada,65238.45,65238.45,No,Government,29,Yes,Rents,224817.51,0,1241.32,318.69,47,3,12,22,22
12/23/2024,Monday,Kansas City Metro,KS,United States,59000,45000,Yes,Retail,32,"No, with partner",Rents,36452,21227,0,574.45,14,3,56,206,167
12/20/2024,Friday,Boston,MA,United States,380000,380000,No,Technology,35,Yes,Owns,1735000,0,2400,418.36,52,13,9,134,75
12/18/2024,Wednesday,Raleigh,NC,United States,78000,78000,No,Accounting,24,"No, with roommate(s)",Rents,199170,22243,800,315.38,59,6,1,1,40
12/16/2024,Monday,Montana,MT,United States,210000,81000,Yes,Government,42,"No, with partner",Owns,3100400,459500,2360,1605.98,119,34,1,12,44
12/13/2024,Friday,Los Angeles,CA,United States,79500,79500,Yes,Education,56,"No, with partner",Rents,44750,500,2850,362.07,50,4,20,36,70
12/11/2024,Wednesday,Providence,RI,United States,100000,100000,No,Higher education,41,"No, with partner",Owns,45822.83,405809.95,3056,464.59,86,7,2,37,90
12/09/2024,Monday,Indianapolis,IN,United States,50000,50000,No,Nonprofit,34,"No, with partner",Owns,222400,159100,2600,252.82,56,8,3,0,29
12/06/2024,Friday,Los Angeles,CA,United States,154000,24000,Yes,Law,29,"No, with partner",Rents,1108000,0,0,246.09,109,12,4,59,57
12/04/2024,Wednesday,Tampa,FL,United States,154000,87500,Yes,Software,33,"No, with partner",Owns,400000,0,400,3176.96,31,6,13,126,72
12/02/2024,Monday,Boston,MA,United States,70000,70000,No,Law,23,Yes,Owns,13000,340800,1600,280.21,78,46,5,30,23
11/29/2024,Friday,Seoul,N/A,South Korea,1600,1600,No,Humanities studies,22,"No, with roommate(s)",Rents,19600,0,495,248.4,131,14,3,26,14
11/27/2024,Wednesday,Northern California,CA,United States,310000,110000,Yes,Food industry,32,"No, with partner",Owns,1460000,320000,2800,1194.9,71,15,3,34,26
11/25/2024,Monday,Chicago,IL,United States,87000,87000,No,Pharma advertising,25,"No, with partner",Rents,56683,8116,1400,464.13,54,3,2,18,15
11/22/2024,Friday,Michigan,MI,United States,28000,28000,No,Healthcare,23,"No, with family",Rents,88063.54,0,0,415.74,111,34,1,35,34
11/20/2024,Wednesday,Hampton Roads,VA,United States,53501,53501,No,Education,23,Yes,Rents,18000,22000,1050,203.15,65,7,25,41,22
11/18/2024,Monday,New York,NY,United States,139000,139000,No,Nonprofit,30,Yes,Rents,750000,92000,2100,985.76,186,11,3,13,75
11/15/2024,Friday,San Diego,CA,United States,475000,60000,Yes,Healthcare,46,"No, with partner",Owns,7346000,0,1200,1486.96,90,22,4,153,148
11/13/2024,Wednesday,Central Florida,FL,United States,41000,41000,No,"Local government, library services",32,"No, with partner",Rents,28988.35,14000,1900,508.65,102,7,12,2,32
11/11/2024,Monday,San Francisco,CA,United States,1000000,0,Yes,Technology,36,"No, with partner",Owns,3500000,1200000,5500,3366,72,28,14,219,232
11/08/2024,Friday,Central Pennsylvania,PA,United States,80000,80000,No,Technology,29,"No, with family",Rents,52485.35,17664,0,228.87,37,2,8,127,89
11/06/2024,Wednesday,New York,NY,United States,120000,120000,No,Climate tech,29,"No, with roommate(s)",Rents,258165,15739.68,1850,1411.08,33,3,44,71,59
11/04/2024,Monday,Atlantic Canada,N/A,Canada,68410.73,29791.77,Yes,"Nonprofit, heritage",26,"No, with partner",Owns,192665.24,145716.53,903.61,285.94,51,2,6,43,25
11/01/2024,Friday,Cincinnati,OH,United States,375000,275000,Yes,Technology,37,"No, with partner",Owns,1538600,75000,2303,659.26,94,46,0,21,25
10/30/2024,Wednesday,Latin America,N/A,Unknown,0,0,No,Academia,31,"No, with roommate(s)",Rents,104641,11370,483,150.47,107,24,0,6,19
10/28/2024,Monday,Arkansas,AR,United States,175000,130000,Yes,Retail,31,"No, with partner",Rents,137576.64,123645,1850,3.32,50,20,25,101,71
10/25/2024,Friday,DMV,Unknown,United States,215000,215000,No,Software,32,"No, with partner",Rents,1090000,0,1200,2033.65,51,26,10,66,64
10/23/2024,Wednesday,Boston,MA,United States,56000,56000,No,Health,32,"No, with roommate(s)",Rents,49422,118000,900,276.98,85,24,1,40,23
10/21/2024,Monday,Virginia,VA,United States,158000,44600,Yes,Higher education,34,"No, with partner",Rents,563000,133000,2880,2368.98,86,25,0,20,34
10/18/2024,Friday,Greater Cincinnati,OH,United States,35000,35000,No,"Specialty retail, customer service/security, entertainment",25,"No, with partner",Rents,27000,4000,320,118.76,72,20,4,22,32
10/16/2024,Wednesday,Oregon,OR,United States,127000,127000,No,Healthcare,28,"No, with partner",Rents,135300,13500,1350,604.35,81,24,5,24,39
10/14/2024,Monday,San Francisco,CA,United States,255000,255000,No,Aviation,33,Yes,Rents,675500,36800,2275,598.57,158,48,6,46,43
10/11/2024,Friday,Fort Garland,CO,United States,57398,57398,Yes,"General appraising, cultural history, and crafts",65,"No, with partner",Owns,858450,4500,0,707.43,240,13,5,49,92
10/09/2024,Wednesday,Nashville,TN,United States,80000,80000,No,Manufacturing,22,Yes,Rents,62200,0,2000,350.42,62,8,2,66,15
10/07/2024,Monday,Boston,MA,United States,295000,175000,Yes,Pharmaceuticals,31,"No, with partner",Owns,766052,382730,1974,689.5,83,6,2,51,36
10/04/2024,Friday,NYC Suburbs,NY,United States,382994,228000,Yes,Retail trade,33,"No, with partner",Owns,712000,687000,5100,2878.16,44,18,10,157,32
10/02/2024,Wednesday,Orange County,CA,United States,30000,30000,No,Academia,26,"No, with partner",Rents,109435,10626,800,198.13,101,3,0,15,24
09/30/2024,Monday,Brooklyn,NY,United States,85000,85000,No,"Medical, nonprofit",38,"No, with partner",Rents,142000,0,1000,899.29,143,7,1,10,28
09/27/2024,Friday,San Francisco,CA,United States,135000,135000,No,Biotech,34,Yes,Rents,298200,0,3045,1149.78,84,6,2,37,39
09/25/2024,Wednesday,New York,NY,United States,506000,126000,Yes,Health insurance,31,"No, with partner",Owns,3331000,1400000,9200,2784.07,55,13,8,112,40
09/23/2024,Monday,Los Angeles,CA,United States,140000,140000,No,Automotive,30,Yes,Rents,269005,13000,1915,247.66,85,9,2,5,31
09/20/2024,Friday,New Jersey,NJ,United States,0,0,No,N/A,34,Yes,Rents,147523.58,30089.32,1426.56,581.24,26,1,48,141,68
09/18/2024,Wednesday,Chicago,IL,United States,269000,114000,Yes,Healthcare,28,"No, with partner",Owns,483000,0,2725,9971.22,35,17,20,82,128
09/16/2024,Monday,Richmond,VA,United States,166800,95000,Yes,Transportation and logistics,32,"No, with partner",Rents,363513.97,0,2100,119.64,59,18,3,22,43
09/13/2024,Friday,Kansas City,KS,United States,160000,160000,No,Tech,38,"No, with partner",Owns,506200,280200,1072,945.6,48,8,12,48,61
09/11/2024,Wednesday,Bay Area,CA,United States,0,0,No,Tech,28,"No, with family",Rents,370000,0,0,975.37,81,18,17,132,36
09/09/2024,Monday,New York,NY,United States,115000,115000,No,Law,28,"No, with roommate(s)",Rents,192629,0,1871.56,745.08,49,16,13,17,46
09/06/2024,Friday,El Paso,TX,United States,50000,50000,No,Higher education,26,Yes,Rents,29185,30000,680,305.01,104,8,4,52,14
09/04/2024,Wednesday,Baltimore,MD,United States,100296,100296,No,Manufacturing,29,Yes,Rents,42822,61987.78,900,342.98,117,3,3,25,49
09/02/2024,Monday,Boise,ID,United States,48000,48000,No,Loan servicing,29,"No, with roommate(s)",Rents,86564,0,972.5,371.96,69,18,14,40,24
08/30/2024,Friday,Wilmington,DE,United States,97500,97500,No,Academia,32,Yes,Rents,126276,18276,1703,447.64,51,7,18,65,37
08/28/2024,Wednesday,Milwaukee,WI,United States,85000,85000,No,Transportation,30,Yes,Rents,75618,5500,1395,263.56,78,16,15,52,31
08/26/2024,Monday,Boise,ID,United States,48946,48946,No,Education,24,"No, with partner",Rents,8766.26,42499,850,295.5,48,3,11,17,20
08/23/2024,Friday,Tri-Cities,WA,United States,81000,81000,No,Education,29,"No, with family",Rents,8172.68,76160,545,370.82,100,6,3,42,34
08/20/2024,Tuesday,DMV,Unknown,United States,82000,82000,No,Nonprofit,29,Yes,Rents,300,242218,1720,998.77,43,3,32,77,69
08/19/2024,Monday,Cincinnati,OH,United States,60000,60000,No,IT,31,"No, with partner",Owns,69780.57,324500,1050,384.27,35,3,16,73,43
08/16/2024,Friday,Denver,CO,United States,116000,116000,No,Nonprofit,27,Yes,Rents,353661,0,1895,716.98,111,3,26,95,103
08/14/2024,Wednesday,"Washington, D.C.","Washington, D.C.",United States,80000,80000,No,Nonprofit,46,"No, with partner",Owns,677000,298557,3431,1389.91,131,14,6,39,38
08/12/2024,Monday,Virginia,VA,United States,108280,108280,No,Consulting,27,"No, with partner",Rents,84225,13500,2000,875.99,106,1,6,7,25
08/09/2024,Friday,O'ahu,HI,United States,36000,36000,No,Emergency management,24,Yes,Rents,101815.1,0,500,489.1,91,4,9,16,32
08/07/2024,Wednesday,Salt Lake City,UT,United States,224000,Unknown,Yes,Healthcare,34,"No, with partner",Owns,755900,583000,3224,628.84,100,4,0,9,18
08/05/2024,Monday,Boston,MA,United States,81000,81000,No,Advertising,26,"No, with roommate(s)",Rents,136988,0,1266,303.76,33,5,4,90,61
08/02/2024,Friday,"Washington, D.C.","Washington, D.C.",United States,82300,82300,No,Corporate healthcare,24,"No, with roommate(s)",Rents,81200,0,1450,418.82,106,7,0,32,14
07/31/2024,Wednesday,Northern California,CA,United States,109000,109000,No,Energy,34,"No, with partner",Owns,1400000,263000,1450,1330.74,134,55,5,2,33
07/29/2024,Monday,Pittsburgh,PA,United States,80000,0,Yes,N/A,30,"No, with partner",Owns,2300000,0,400,794.01,77,22,13,77,75
07/26/2024,Friday,New York,NY,United States,204000,204000,No,Real estate,32,"No, with partner",Owns,650000,273000,0,2705.73,85,29,25,147,60
07/24/2024,Wednesday,Montreal,N/A,Canada,67525.05,67525.05,No,Marketing,37,Yes,Rents,134584.53,0,437.14,376.37,66,4,3,13,25
07/22/2024,Monday,Oakland,CA,United States,134000,134000,No,Utilities,37,"No, with roommate(s)",Rents,84730,0,1250,574.25,78,10,8,20,33
07/19/2024,Friday,Queens,NY,United States,120000,120000,No,Finance,25,Yes,Rents,124000,0,1600,534.2,31,14,7,76,40
07/17/2024,Wednesday,San Diego,CA,United States,239000,171000,Yes,Healthcare,43,"No, with partner",Owns,312564,50000,4382,956.15,36,28,11,42,50
07/15/2024,Monday,New York,NY,United States,144200,144200,No,Media and entertainment,32,Yes,Rents,290246,0,2200,674.9,70,19,6,16,30
07/12/2024,Friday,Bay Area,CA,United States,240000,240000,No,Tech,28,"No, with partner",Rents,518000,0,2100,251.15,15,20,4,30,56
07/10/2024,Wednesday,Miami,FL,United States,261000,261000,Yes,Tech,36,"No, with partner",Rents,630500,0,4050,8456.34,42,14,21,22,85
07/08/2024,Monday,Kansas City suburbs,KS,United States,253358,131858,Yes,Transportation,38,"No, with partner",Owns,1885000,280000,3273,1086.86,68,71,2,5,72
07/05/2024,Friday,Los Angeles,CA,United States,192000,192000,No,Tech,32,"No, with partner",Owns,1251500,319000,1900,371.96,71,41,8,32,38
07/03/2024,Wednesday,Brooklyn,NY,United States,90000,90000,No,Tech startup,26,"No, with partner",Rents,107300,0,1800,574.15,39,17,4,76,48
07/01/2024,Monday,Austin,TX,United States,137000,137000,No,Tech,38,"No, with roommate(s)",Rents,239300,54500,1750,935.96,64,5,10,49,48
06/28/2024,Friday,New York,NY,United States,150000,150000,No,Private equity,23,"No, with roommate(s)",Rents,595000,0,2900,1113.3,35,47,6,69,95
06/26/2024,Wednesday,Nashville,TN,United States,116500,116500,No,Entertainment,28,"No, with partner",Rents,197760,0,1240,493.14,95,24,0,3,61
06/24/2024,Monday,South Carolina,SC,United States,60000,60000,No,Marketing,32,"No, with partner",Owns,504999,295000,1600,807.22,25,16,14,35,97
06/21/2024,Friday,Chicago,IL,United States,205000,205000,No,Tech consulting,38,Yes,Owns,638607.43,469000,4733,2864.97,101,53,4,9,145
06/19/2024,Wednesday,Philadelphia,PA,United States,150000,150000,No,Legal,32,Yes,Owns,157000,0,810,1222.26,49,13,15,45,96
06/17/2024,Monday,Dallas,TX,United States,125000,125000,No,Commercial real estate development,30,"No, with partner",Owns,484978,290000,1955.96,1439.83,77,22,3,2,46
06/14/2024,Friday,Phoenix,AZ,United States,70000,70000,No,Marketing and design,23,"No, with family",Rents,73300,0,0,299.52,104,28,5,47,36
06/12/2024,Wednesday,Burtonsville,MD,United States,30000,30000,No,Healthcare,29,"No, with family",Rents,0,40000,0,599.74,18,3,45,214,119
06/10/2024,Monday,Boston,MA,United States,118000,118000,No,Environmental consulting,34,"No, with partner",Owns,18015000,1750,200,3926.3,95,43,24,135,162
06/07/2024,Friday,San Francisco,CA,United States,310000,310000,No,"Healthcare, intensive care",40,Yes,Rents,391000,18300,2150,617.72,157,74,6,59,69
06/05/2024,Wednesday,Boston,MA,United States,59200,59200,No,Higher education,23,"No, with partner",Rents,5600,2800,200,1083,82,38,4,41,60
06/03/2024,Monday,Grand Rapids,MI,United States,58000,58000,No,Non-profit,31,"No, with partner",Owns,305446,248109.05,622.5,654.29,49,8,6,18,65
05/31/2024,Friday,Portland,OR,United States,98300,98300,No,Education,39,Yes,Owns,368207,149808,1564.36,413.92,16,4,30,107,52
05/29/2024,Wednesday,Huntsville,AL,United States,321000,179000,Yes,Manufacturing,33,"No, with partner",Owns,1081000,16000,2677,1103.77,270,25,9,56,70
05/27/2024,Monday,Philadelphia,PA,United States,73500,73500,No,Higher education,31,"No, with partner",Rents,75359.55,150,1350,543.89,50,19,6,7,44
05/24/2024,Friday,Brooklyn,NY,United States,43000,43000,No,Book publishing,23,"No, with roommate(s)",Rents,23779.78,0,1500,480.64,78,3,16,81,31
05/22/2024,Wednesday,Chicago,IL,United States,108150,108150,No,Investment management,27,Yes,Rents,218143,0,2040,378.97,175,22,9,28,69
05/20/2024,Monday,New York,NY,United States,65000,65000,No,TV/media,29,Yes,Rents,203641,0,2225,188.36,89,4,12,98,45
05/17/2024,Friday,Toronto,N/A,Canada,55834.01,55834.01,No,Healthcare tech,32,"No, with partner",Rents,22405.72,0,803.24,183.72,47,11,12,66,41
05/15/2024,Wednesday,Vancouver Island,N/A,Canada,108534.84,65692.14,Yes,Tech,30,"No, with partner",Owns,856139.95,344883.73,1035.37,517.47,35,16,3,76,65
05/13/2024,Monday,Chicago,IL,United States,225000,225000,No,Tech,26,Yes,Owns,529113,173633,2040,1911.86,81,36,26,83,68
05/10/2024,Friday,Arlington,VA,United States,90000,90000,No,Education and healthcare,35,Yes,Rents,118955.27,1511.96,1900,958.63,69,7,3,6,64
05/08/2024,Wednesday,Philadelphia,PA,United States,90000,90000,No,Financial services,29,Yes,Rents,98825,7000,1865,527.65,114,15,1,1,25
05/06/2024,Monday,Des Moines,IA,United States,71000,71000,No,Manufacturing,27,Yes,Owns,222000,122000,771,266.23,160,13,3,3,35
05/03/2024,Friday,Philadelphia,PA,United States,94000,94000,No,Research and government contract,33,Yes,Rents,32000,0,1535,401.77,116,24,5,24,65
05/01/2024,Wednesday,Houston,TX,United States,65380,65380,No,Commercial aviation and automotive marketing,34,"No, with family",Rents,106152.83,6875.44,0,1467.51,120,31,7,17,48
04/29/2024,Monday,Madison,WI,United States,55473,55473,No,Higher education,27,"No, with partner",Rents,81835.03,0,555,163.74,67,16,16,57,56
04/26/2024,Friday,Brooklyn,NY,United States,60060,60060,No,Museums/libraries,24,"No, with roommate(s)",Rents,20366,33117,713,671.27,84,22,20,25,45
04/24/2024,Wednesday,New York,NY,United States,260000,260000,No,Legal,27,"No, with partner",Rents,230000,0,5000,940,29,12,35,270,139
04/22/2024,Monday,Dallas,TX,United States,77910,77910,No,News media,41,Yes,Owns,592723.8,215303.35,1600,1082.03,137,15,19,37,76
04/19/2024,Friday,Los Angeles,CA,United States,162000,70000,Yes,Telecommunications,29,"No, with partner",Owns,718000,296000,2499,1039.24,67,18,2,106,50
04/17/2024,Wednesday,California,CA,United States,190000,190000,No,IT,24,"No, with partner",Rents,126151,40000,1750,382.5,125,15,2,71,46
04/15/2024,Monday,Queens,NY,United States,113000,113000,No,Healthcare,36,"No, with partner",Rents,1500,133000,3250,1532.87,25,1,79,249,122
04/12/2024,Friday,Illinois,IL,United States,52000,0,Yes,N/A,29,"No, with partner",Rents,47420,840,800,294.77,131,16,6,34,70
04/10/2024,Wednesday,Ottawa,N/A,Canada,83801,83801,No,Federal government,31,"No, with partner",Rents,50634.65,14700,1710.41,518.55,137,21,7,3,28
04/08/2024,Monday,Bay Area,CA,United States,325000,325000,No,Real estate,41,Yes,Owns,1123000,428000,2115,1423.65,137,15,6,40,61
04/05/2024,Friday,Salem,OR,United States,214000,120000,Yes,Labor,34,"No, with partner",Owns,252000,574000,3811,1041,56,8,23,48,40
04/03/2024,Wednesday,Minneapolis,MN,United States,271000,89000,Yes,Education,38,"No, with partner",Owns,408768,475200,3145,1850.49,115,33,4,2,64
04/01/2024,Monday,Bay Area,CA,United States,235000,235000,No,Healthcare,34,"No, with partner",Rents,230969,14280,2100,685.77,70,40,10,52,52
03/29/2024,Friday,Brooklyn,NY,United States,44985,44985,No,Healthcare,36,"No, with roommate(s)",Rents,6599.82,51982,650,311.44,78,10,50,108,54
03/27/2024,Wednesday,Bellingham,NY,United States,335000,152000,Yes,Tech,36,"No, with partner",Owns,800000,585000,4100,1970.05,208,37,14,75,245
03/25/2024,Monday,"Washington, D.C.","Washington, D.C.",United States,99000,99000,No,Government,29,Yes,Rents,143000,0,2150,284.53,143,49,2,6,28
03/22/2024,Friday,Caracas,N/A,Venezuela,45000,45000,No,Marketing,32,Yes,Owns,71000,0,25,352.56,83,22,11,15,56
03/20/2024,Wednesday,Westchester,NY,United States,95500,95500,No,Retail,30,"No, with family",Rents,18641.29,112664.43,300,467.73,21,9,26,150,89
03/18/2024,Monday,Nashville,TN,United States,70000,70000,No,Regulatory,31,"No, with partner",Rents,21440,109053,805,518.56,66,15,6,61,71
03/15/2024,Friday,"Washington, D.C.","Washington, D.C.",United States,87950,87950,No,Nonprofit,33,Yes,Rents,31890,9675,1700,2027.9,65,3,36,51,107
03/11/2024,Monday,Arlington,VA,United States,243000,175500,Yes,Marketing,40,"No, with partner",Owns,1518000,62400,4100,941.75,86,39,3,24,80
03/08/2024,Friday,Seattle,WA,United States,216000,190000,Yes,Consulting,34,"No, with partner",Owns,1548529.99,1036000,5814.89,1034.32,101,51,7,20,74
03/04/2024,Monday,Toronto,N/A,Canada,55498,55498,No,Marketing/entertainment,30,"No, with roommate(s)",Rents,36998,0,1136,541.17,89,44,9,16,44
03/01/2024,Friday,New York,NY,United States,49000,49000,No,Fitness/events,38,"No, with partner",Rents,46942.8,331500,2830,254.59,22,7,70,151,118
02/26/2024,Monday,San Francisco,CA,United States,181000,181000,No,Tech,28,"No, with partner",Rents,961000,0,2087.5,533.5,105,57,5,27,90
02/23/2024,Friday,Arlington,VA,United States,105000,105000,No,Fintech,23,Yes,Rents,44000,0,1655,221.03,100,36,4,56,53
02/21/2024,Wednesday,New York,NY,United States,73000,73000,No,Architecture,26,"No, with partner",Rents,202000,0,1000,299.8,96,56,7,12,78
02/19/2024,Monday,Arizona,AZ,United States,200000,200000,No,Pharmaceuticals,47,Yes,Owns,2235000,440000,3250,599.44,222,49,5,60,95
02/16/2024,Friday,Victoria,N/A,United States,43000,43000,No,Fashion,31,Yes,Rents,51900,0,1409,169.44,112,24,3,13,18
02/14/2024,Wednesday,New York,NY,United States,55000,55000,No,Arts,27,"No, with partner",Rents,45549,0,1350,316.47,50,2,26,135,104
02/12/2024,Monday,Boston,MA,United States,114000,114000,No,Retail,30,"No, with partner",Owns,571220,203000,1850,962.91,57,8,26,218,253
02/09/2024,Friday,Madison,WI,United States,92500,92500,No,Communications,25,"No, with roommate(s)",Rents,51774.09,0,900,664.94,105,25,6,6,49
02/07/2024,Wednesday,British Columbia,N/A,Canada,28970,28970,No,Sales,30,Yes,Rents,9284,0,1013.52,417.15,95,17,9,18,31
02/05/2024,Monday,San Francisco,CA,United States,129000,129000,No,Retail,22,"No, with roommate(s)",Rents,82734,0,1400,445.79,108,8,9,59,35
02/02/2024,Friday,Houston,TX,United States,92000,92000,No,Oil and gas,27,Yes,Rents,22578,31025,1600,305.6,35,5,35,102,184
01/31/2024,Wednesday,"Washington, D.C.","Washington, D.C.",United States,192000,192000,No,Cybersecurity,30,"No, with partner",Rents,286000,0,1710,1164.61,85,25,13,16,94
01/29/2024,Monday,Indiana,IN,United States,120000,120000,No,Finance,36,Yes,Owns,1499000,799000,1750,364.44,49,35,3,138,230
01/26/2024,Friday,Charlotte,NC,United States,120000,120000,No,Finance,27,"No, with roommate(s)",Rents,10220,2800,1200,953.23,89,16,27,37,89
01/24/2024,Wednesday,Vermont,VT,United States,0,0,No,N/A,38,Yes,Rents,26050,100000,997,23.24,273,123,10,16,165
01/22/2024,Monday,Palm Springs,CA,United States,58240,58240,No,Healthcare,29,"No, with partner",Rents,11653,265947,700,826.97,43,3,39,144,101
01/10/2024,Wednesday,Rural Colorado,CO,United States,170000,170000,No,Oil and gas drilling,32,Yes,Rents,505000,0,1050,2788.36,177,39,15,18,74
01/08/2024,Monday,O'ahu,HI,United States,36000,36000,No,Emergency management,24,"No, with family",Rents,87510.63,0,500,1037.25,76,27,10,67,55
01/05/2024,Friday,Boston,MA,United States,70000,70000,No,Tech,28,"No, with partner",Rents,164552,0,1317.3,342.7,54,30,6,33,76
01/03/2024,Wednesday,San Francisco,CA,United States,56160,56160,No,Law,26,"No, with roommate(s)",Rents,326552,0,1450,192.25,117,36,14,112,106
12/27/2023,Wednesday,Chicago suburb,IL,United States,279000,159000,Yes,Consumer packaged goods,31,"No, with partner",Owns,1027000,490000,3900,980.26,59,36,7,50,112
12/22/2023,Friday,UK University Town,N/A,United Kingdom,15000,15000,No,Higher education,23,"No, with roommate(s)",Rents,59412.4,60000,800,338.64,87,16,9,18,21
12/20/2023,Wednesday,Queens,NY,United States,68000,68000,No,Higher education,32,"No, with family",Rents,50000,0,900,288.24,165,17,5,5,70
12/18/2023,Monday,San Francisco,CA,United States,65000,65000,No,Tech,24,"No, with family",Rents,3849.91,91573,0,394.31,21,1,25,281,159
12/15/2023,Friday,Luxembourg,N/A,Luxembourg,59160,59160,No,Public sector,26,"No, with roommate(s)",Rents,127022.43,0,918.54,381.33,74,18,3,57,50
12/13/2023,Wednesday,Chicago,IL,United States,210000,105000,Yes,Public relations,32,"No, with partner",Owns,697000,418000,2979.49,653.03,133,15,5,53,105
12/11/2023,Monday,Seattle,WA,United States,109200,109200,No,Nonprofit,33,"No, with partner",Rents,185906,79694,1638,655.76,74,5,2,86,56
12/08/2023,Friday,Los Angeles,CA,United States,53131,53131,No,Film and TV,25,Yes,Rents,25171.56,27673,1509.44,2548.71,71,18,6,41,90
12/06/2023,Wednesday,Atlanta,GA,United States,0,0,No,Tech,27,Yes,Rents,170774,0,2500,375.82,135,9,15,22,98
12/04/2023,Monday,Indiana,IN,United States,111415,48415,Yes,Nonprofit,33,"No, with partner",Owns,125200,67000,863,626.56,102,38,4,57,206
12/01/2023,Friday,Northern California,CA,United States,140000,140000,No,Healthcare,35,"No, with partner",Owns,643293,337179,2015.68,469.51,144,50,3,25,34
11/29/2023,Wednesday,Chicago,IL,United States,230000,147000,Yes,Life sciences,29,"No, with partner",Owns,229538.23,210740,1388,1224.39,86,24,5,75,68
11/27/2023,Monday,Dallas,TX,United States,82400,82400,No,Tech,25,Yes,Rents,58866.93,38910,1497,685.59,59,21,1,26,23
11/24/2023,Friday,Vancouver,N/A,Canada,119440,89000,Yes,Nonprofit,35,"No, with partner",Rents,196677,0,996,785.95,46,19,7,14,62
11/22/2023,Wednesday,Bay Area,CA,United States,43000,43000,No,Arts,28,"No, with roommate(s)",Rents,3565,3900,850,233.29,66,11,20,79,103
11/20/2023,Monday,Ottawa,N/A,Canada,57258,57258,No,Politics,23,Yes,Rents,17273,12417,1062,233.83,81,20,3,32,16
11/17/2023,Friday,Northern Virginia,VA,United States,105000,105000,No,Education,43,"No, with partner",Rents,43000,130000,1120,408.02,90,6,25,154,166
11/15/2023,Wednesday,San Francisco,CA,United States,133000,133000,No,Biotech,33,Yes,Rents,213818,0,3045,988.36,162,36,3,26,77
11/13/2023,Monday,St. Paul,MN,United States,87000,87000,No,Public service,27,Yes,Rents,42636,144829,982,407.03,39,18,7,45,51
11/10/2023,Friday,Louisville,KY,United States,81098,81098,No,Healthcare,29,Yes,Rents,68175,0,900,370.3,122,12,0,31,47
11/08/2023,Wednesday,Los Angeles,CA,United States,60000,60000,Yes,Education,31,"No, with partner",Rents,18345,33000,1450,523,112,39,13,39,121
11/06/2023,Monday,Vancouver,N/A,Canada,50580,50580,No,Entertainment,32,"No, with roommate(s)",Rents,40459,1084,632,516.11,98,7,6,40,73
11/03/2023,Friday,Durham,NC,United States,115600,115600,No,Health insurance,29,"No, with roommate(s)",Rents,243612,0,786,582.39,166,31,1,49,67
11/01/2023,Wednesday,Houston,TX,United States,1089000,289000,Yes,Medicine,36,"No, with partner",Owns,8599203,581000,5541,2433.65,263,86,22,66,125
10/30/2023,Monday,Brooklyn,NY,United States,0,0,No,News,31,Yes,Rents,49353,0,2300,725.99,70,6,38,400,210
10/27/2023,Friday,Chattanooga,TN,United States,46194,46194,No,Education,25,"No, with partner",Rents,10500,12866,1471,495.2,58,9,7,42,41
10/25/2023,Wednesday,New York,NY,United States,105000,105000,No,Brand strategy,26,"No, with partner",Rents,75104,0,1750,356.25,159,26,2,21,89
10/23/2023,Monday,Salt Lake City,UT,United States,45000,45000,No,Higher education/retail,22,"No, with roommate(s)",Rents,31600,54433,775,201.57,127,42,1,23,43
10/20/2023,Friday,San Francisco,CA,United States,210000,210000,No,Technology,34,"No, with partner",Rents,523000,0,2500,1010.67,142,34,6,92,67
10/18/2023,Wednesday,Brooklyn,NY,United States,65000,65000,No,Nonprofit,27,Yes,Rents,0,20000,1350,450.99,53,5,48,190,135
10/16/2023,Monday,"Washington, D.C.","Washington, D.C.",United States,64000,64000,No,International development,27,"No, with partner",Rents,73000,0,937.5,447.99,71,28,1,25,47
10/13/2023,Friday,Cleveland,OH,United States,63900,63900,No,Healthcare,27,"No, with partner",Rents,18060,134000,1050,469.21,73,28,15,24,42
10/11/2023,Wednesday,Brooklyn,NY,United States,110000,110000,No,Fintech,28,"No, with roommate(s)",Rents,148463.6,586.51,1875,593.05,140,28,6,25,38
10/09/2023,Monday,Chicago,IL,United States,194942,194942,No,Insurance,39,Yes,Owns,1251635,424500,1850,1036.82,71,38,18,106,138
10/06/2023,Friday,Charlotte,NC,United States,104000,104000,No,Manufacturing,25,"No, with partner",Owns,678383,554426,1056,793.52,45,26,17,97,85
10/04/2023,Wednesday,New Jersey,NJ,United States,3500,3500,No,Medical/Tech,32,"No, with family",Rents,4.28,127500,0,35.39,104,54,38,138,161
10/02/2023,Monday,New York,NY,United States,144000,144000,No,Private equity,23,"No, with roommate(s)",Rents,567000,6000,2700,2123.14,57,31,54,233,144
09/29/2023,Friday,Boston,MA,United States,45000,45000,No,Construction,25,"No, with family",Rents,3000,28000,850,675,30,28,25,70,40
09/27/2023,Wednesday,Ohio,OH,United States,8000,8000,No,University,18,"No, with roommate(s)",Rents,8518,0,0,122.08,58,34,8,65,77
09/25/2023,Monday,Albuquerque,NM,United States,112750,112750,No,Real estate,34,"No, with partner",Rents,470000,95423,850,471,85,25,10,71,89
09/22/2023,Friday,New York,NY,United States,305300,305300,No,Tech,29,Yes,Rents,513061,0,2618,590.62,62,26,31,317,218
09/20/2023,Wednesday,Bay Area,CA,United States,80100,80100,No,Government,31,Yes,Owns,613430,254728,1048,599.78,69,38,1,15,52
09/18/2023,Monday,Chicago,IL,United States,115000,115000,No,Consumer packaged goods,27,"No, with partner",Owns,520672,352000,1800,697.04,69,20,2,39,83
09/15/2023,Friday,Portland,OR,United States,85000,85000,No,E-commerce,32,"No, with partner",Owns,344000,287000,1000,572.75,73,33,11,121,119
09/13/2023,Wednesday,Coastal Maine,ME,United States,165000,62000,Yes,Finance,29,"No, with partner",Owns,279300,99000,755,585.66,102,33,20,27,95
09/11/2023,Monday,New York,NY,United States,0,0,No,Technology,24,"No, with roommate(s)",Rents,53291,0,1500,2459.6,57,1,51,405,165
09/08/2023,Friday,Bay Area,CA,United States,72000,72000,No,Art,29,"No, with partner",Rents,25342,0,600,456.61,116,8,12,24,72
09/06/2023,Wednesday,Grand Rapids,MI,United States,89440,47840,Yes,Manufacturing,25,"No, with partner",Rents,31240,58699,400,445.51,61,16,7,20,52
09/04/2023,Monday,Seattle,WA,United States,120000,120000,No,Healthcare,33,"No, with partner",Rents,328000,0,1700,222.87,122,50,5,26,50
09/01/2023,Friday,Northern Kentucky,KY,United States,17000,17000,No,Various,24,"No, with partner",Rents,25350,5000,825,224.35,49,11,23,142,94